Emeril LeGoinegasque	http://emerillg.blogspot.com/	2006-05-12T00:36:00.000-07:00
Some of the sport from the Master Council	http://emerillg.blogspot.com/2006/05/some-of-sport-from-master-council.html	2006-04-27T20:47:00.000-07:00
First day on the new messageboard.	http://emerillg.blogspot.com/2006/04/first-day-on-new-messageboard.html	2006-04-27T00:23:00.000-07:00
NEW FORUM	http://emerillg.blogspot.com/2006/04/new-forum.html	2006-04-21T12:31:00.000-07:00
Happy week-end, announcements	http://emerillg.blogspot.com/2006/04/happy-week-end-announcements.html	2006-04-18T23:18:00.000-07:00
Trashspotting Manifesto, 1st Edition.	http://emerillg.blogspot.com/2006/04/trashspotting-manifesto-1st-edition.html	2006-04-18T22:26:00.000-07:00
Big update tonight.	http://emerillg.blogspot.com/2006/04/big-update-tonight.html	2006-04-11T23:59:00.000-07:00
Trashspotters I have not abandoned you.	http://emerillg.blogspot.com/2006/04/trashspotters-i-have-not-abandoned-you.html	2006-04-08T20:22:00.000-07:00
Fast Note on our day&#39;s Trashspotting	http://emerillg.blogspot.com/2006/04/fast-note-on-our-days-trashspotting.html	2006-04-07T23:02:00.000-07:00
Time to hit the hay.	http://emerillg.blogspot.com/2006/04/time-to-hit-hay.html	2006-04-06T17:30:00.000-07:00
Items for Trashspotters.	http://emerillg.blogspot.com/2006/04/items-for-trashspotters.html	2006-04-05T15:05:00.000-07:00
Official Trashspotting clothing and items.	http://emerillg.blogspot.com/2006/04/official-trashspotting-clothing-and.html	2006-04-04T20:35:00.000-07:00
Updated Logo	http://emerillg.blogspot.com/2006/04/updated-logo.html	2006-04-04T08:19:00.000-07:00
Trashspotting - First Establishment of Premise	http://emerillg.blogspot.com/2006/04/trashspotting-first-establishment-of.html	
