Molly Says	http://mollysanders.blogspot.com/	2008-07-29T23:45:00.000-07:00
I got my MRS in RBK.	http://mollysanders.blogspot.com/2008/07/i-got-my-mrs-in-rbk.html	2008-06-05T23:57:00.000-07:00
Wedding Bells!	http://mollysanders.blogspot.com/2008/06/wedding-bells.html	2008-02-19T21:13:00.000-08:00
Another solo chat with Ray	http://mollysanders.blogspot.com/2008/02/another-solo-chat-with-ray.html	2008-01-28T23:16:00.000-08:00
Ray is so grumpy about running for President!	http://mollysanders.blogspot.com/2008/01/ray-is-so-grumpy-about-running-for.html	2008-01-22T09:46:00.000-08:00
Ramones Wedding	http://mollysanders.blogspot.com/2008/01/ramones-wedding.html	2007-11-12T20:27:00.000-08:00
The Achewood A-List! November 12, 2007!	http://mollysanders.blogspot.com/2007/11/achewood-list-november-9-2007.html	2007-10-22T00:25:00.000-07:00
Roast Beef didn&#39;t make his brother a groomsman!	http://mollysanders.blogspot.com/2007/10/roast-beef-didnt-make-his-brother.html	2007-07-02T22:14:00.000-07:00
I found the song I&#39;ve been meaning to find.	http://mollysanders.blogspot.com/2007/07/i-found-song-ive-been-meaning-to-find.html	2007-07-02T00:10:00.001-07:00
MixTube No. I for Beef	http://mollysanders.blogspot.com/2007/07/mixtube-no-i-for-beef.html	2007-06-24T21:56:00.000-07:00
First Dance, Last Dance, and all the Dances Inbetween.	http://mollysanders.blogspot.com/2007/06/first-dance-last-dance-and-all-dances.html	2007-04-16T20:30:00.000-07:00
The Achewood A-List! April 16, 2007!	http://mollysanders.blogspot.com/2007/04/achewood-list-april-19-2007.html	2007-03-13T13:39:00.000-07:00
The Achewood A-List! March 13, 2007!	http://mollysanders.blogspot.com/2007/03/achewood-list-march-11-2007.html	2006-12-19T20:25:00.000-08:00
The Achewood A-List! December 19, 2006	http://mollysanders.blogspot.com/2006/12/achewood-list-december-19-2006.html	2006-11-01T21:26:00.000-08:00
The Achewood A-List! November 1, 2006	http://mollysanders.blogspot.com/2006/11/achewood-list-november-1-2006.html	2006-08-16T23:17:00.000-07:00
The Achewood A-List! August 16, 2006	http://mollysanders.blogspot.com/2006/08/achewood-list-august-16-2006.html	2006-06-19T23:06:00.000-07:00
The Achewood A-List! June 19, 2006	http://mollysanders.blogspot.com/2006/06/achewood-list-june-19-2006.html	2006-04-14T19:04:00.000-07:00
The Achewood A-List! April 14, 2006	http://mollysanders.blogspot.com/2006/04/achewood-list-april-14-2006.html	2006-04-03T08:49:00.000-07:00
The Achewood A-list - - My Man&#39;s On It!	http://mollysanders.blogspot.com/2006/04/achewood-list-my-mans-on-it.html	2006-01-09T22:57:00.000-08:00
The Achewood A-List!...for January 10, 2006.	http://mollysanders.blogspot.com/2006/01/achewood-listfor-january-10-2006.html	2005-12-19T23:52:00.000-08:00
The ACHEWOOD A-LIST! ...for December 19, 2005.	http://mollysanders.blogspot.com/2005/12/achewood-list-for-december-19-2005.html	2005-12-14T18:20:00.000-08:00
I think I actually am starting a gossip column!	http://mollysanders.blogspot.com/2005/12/i-think-i-actually-am-starting-gossip.html	2005-12-07T00:05:00.000-08:00
Happy Holidays!	http://mollysanders.blogspot.com/2005/12/happy-holidays.html	2005-10-10T21:19:00.000-07:00
The Last Picnic.	http://mollysanders.blogspot.com/2005/10/last-picnic.html	2005-09-23T00:05:00.000-07:00
Saw TÃ©odor at Trader Joe&#39;s.	http://mollysanders.blogspot.com/2005/09/saw-todor-at-trader-joes.html	2005-07-12T23:48:00.000-07:00
Butte on FoodStation...	http://mollysanders.blogspot.com/2005/07/butte-on-foodstation.html	2005-07-04T23:46:00.000-07:00
First cable crew came through Butte!	http://mollysanders.blogspot.com/2005/07/first-cable-crew-came-through-butte.html	2005-06-15T23:44:00.000-07:00
So long Smoke.	http://mollysanders.blogspot.com/2005/06/so-long-smoke.html	2005-05-11T03:45:00.000-07:00
There&#39;s nothing sadder than a business card.	http://mollysanders.blogspot.com/2005/05/theres-nothing-sadder-than-business.html	2005-04-21T00:29:00.000-07:00
I am officially sick of Cosmo.	http://mollysanders.blogspot.com/2005/04/i-am-officially-sick-of-cosmo.html	2005-04-09T17:05:00.000-07:00
Tina: Elegant Lady.	http://mollysanders.blogspot.com/2005/04/tina-elegant-lady.html	2005-04-01T13:25:00.000-08:00
Squirt	http://mollysanders.blogspot.com/2005/04/squirt.html	2005-03-12T05:09:00.000-08:00
Water Sports	http://mollysanders.blogspot.com/2005/03/water-sports.html	2005-03-06T15:38:00.000-08:00
Picnic a la Boeuf	http://mollysanders.blogspot.com/2005/03/picnic-la-boeuf.html	2005-02-28T03:24:00.000-08:00
Well, I&#39;m still a bartender!	http://mollysanders.blogspot.com/2005/02/well-im-still-bartender.html	2005-02-20T17:34:00.000-08:00
I&#39;m a bartender!	http://mollysanders.blogspot.com/2005/02/im-bartender.html	2005-01-26T15:06:00.000-08:00
Workin&#39; For The (Robotic) Man	http://mollysanders.blogspot.com/2005/01/workin-for-robotic-man.html	2005-01-04T22:15:00.000-08:00
Nowhere to go but Wendy&#39;s	http://mollysanders.blogspot.com/2005/01/nowhere-to-go-but-wendys.html	2004-12-26T01:59:00.000-08:00
And then you know.	http://mollysanders.blogspot.com/2004/12/and-then-you-know.html	2004-12-11T21:12:00.000-08:00
Maybe some sunlight. 	http://mollysanders.blogspot.com/2004/12/maybe-some-sunlight.html	2004-11-17T02:48:00.000-08:00
bronco	http://mollysanders.blogspot.com/2004/11/bronco.html	2004-11-10T20:22:00.000-08:00
Atkins driving me crazy	http://mollysanders.blogspot.com/2004/11/atkins-driving-me-crazy.html	2004-10-30T01:21:00.000-07:00
All set up at Tina&#39;s. 	http://mollysanders.blogspot.com/2004/10/all-set-up-at-tinas.html	2004-10-06T15:20:00.000-07:00
Moving = not so easy	http://mollysanders.blogspot.com/2004/10/moving-not-so-easy.html	2004-10-01T23:33:00.000-07:00
Annoying and Hopeful Things. 	http://mollysanders.blogspot.com/2004/10/annoying-and-hopeful-things.html	2004-09-26T01:02:00.000-07:00
A week apart and away. 	http://mollysanders.blogspot.com/2004/09/week-apart-and-away.html	2004-09-09T22:34:00.000-07:00
Beef&#39;s back	http://mollysanders.blogspot.com/2004/09/beefs-back.html	2004-09-07T16:03:00.000-07:00
Worried about Beef	http://mollysanders.blogspot.com/2004/09/worried-about-beef.html	2004-08-30T00:24:00.000-07:00
Sweet Old Mr. Bear! 	http://mollysanders.blogspot.com/2004/08/sweet-old-mr-bear.html	2004-08-24T18:30:00.000-07:00
Stand by your man...	http://mollysanders.blogspot.com/2004/08/stand-by-your-man.html	2004-08-20T17:38:00.000-07:00
Who&#39;s Hot Stuff? I am. 	http://mollysanders.blogspot.com/2004/08/whos-hot-stuff-i-am.html	2004-08-18T02:54:00.000-07:00
Where have I been!	http://mollysanders.blogspot.com/2004/08/where-have-i-been.html	2004-08-09T02:49:00.000-07:00
Sleepy Symphonies	http://mollysanders.blogspot.com/2004/08/sleepy-symphonies.html	2004-08-02T18:25:00.000-07:00
My man&#39;s a goof.	http://mollysanders.blogspot.com/2004/08/my-mans-goof.html	2004-07-30T14:14:00.000-07:00
Where have I been!	http://mollysanders.blogspot.com/2004/07/where-have-i-been.html	2004-07-23T15:26:00.000-07:00
He doesn&#39;t charge enough. 	http://mollysanders.blogspot.com/2004/07/he-doesnt-charge-enough.html	2004-07-21T03:03:00.000-07:00
New Hairstylist!	http://mollysanders.blogspot.com/2004/07/new-hairstylist.html	2004-07-19T18:32:00.000-07:00
Friday party, picnic, etc. 	http://mollysanders.blogspot.com/2004/07/friday-party-picnic-etc.html	2004-07-16T17:53:00.000-07:00
I guess we&#39;re off to Ray&#39;s...	http://mollysanders.blogspot.com/2004/07/i-guess-were-off-to-rays.html	2004-07-14T00:22:00.000-07:00
A &quot;talk,&quot; if you can call it that	http://mollysanders.blogspot.com/2004/07/talk-if-you-can-call-it-that.html	2004-07-11T23:07:00.000-07:00
Uh, bye, Roast Beef?	http://mollysanders.blogspot.com/2004/07/uh-bye-roast-beef.html	2004-07-10T02:10:00.000-07:00
Wow too much barbecue	http://mollysanders.blogspot.com/2004/07/wow-too-much-barbecue.html	2004-07-09T01:10:00.000-07:00
HYMEN ON BOARD	http://mollysanders.blogspot.com/2004/07/hymen-on-board.html	2004-07-07T14:45:00.000-07:00
Hymen! 	http://mollysanders.blogspot.com/2004/07/hymen.html	2004-07-06T18:07:00.000-07:00
Everybody do the Morrissey Dance!	http://mollysanders.blogspot.com/2004/07/everybody-do-morrissey-dance.html	2004-07-06T01:57:00.000-07:00
Meta-hair Day	http://mollysanders.blogspot.com/2004/07/meta-hair-day.html	2004-07-04T17:07:00.000-07:00
Roast Beef is barbecuing!	http://mollysanders.blogspot.com/2004/07/roast-beef-is-barbecuing.html	2004-07-03T20:04:00.000-07:00
I am so mad at Gramma K	http://mollysanders.blogspot.com/2004/07/i-am-so-mad-at-gramma-k.html	2004-07-02T05:00:00.000-07:00
Thank god gramma K is finally in the shower	http://mollysanders.blogspot.com/2004/07/thank-god-gramma-k-is-finally-in.html	2004-07-02T04:49:00.000-07:00
Bill Cosby is Set Aflame!	http://mollysanders.blogspot.com/2004/07/bill-cosby-is-set-aflame.html	2004-07-02T01:42:00.000-07:00
Roast Beef is so silly	http://mollysanders.blogspot.com/2004/07/roast-beef-is-so-silly.html	
